{"user1": {"username": "user1", "password": "password1", "created": "2020-07-07 00:16:26.29301"}, "user2": {"username": "user2", "password": "password2", "created": "2020-07-07 00:16:26.29301"}, "poopoo": {"username": "poopoo", "password": "poo", "created": "2022-02-02 14-48-35"}, "dfsdffsd": {"username": "dfsdffsd", "password": "sdfsdfsf", "created": "2022-02-02 14-53-13"}, "asdasdasda": {"username": "asdasdasda", "password": "adsasdad", "created": "2022-02-02 14-53-39"}, "ddddddd": {"username": "ddddddd", "password": "dd", "created": "2022-02-03 11-20-57"}, "d": {"username": "d", "password": "d", "created": "2022-02-03 11-33-35"}, "": {"username": "", "password": "", "created": "2022-02-03 13-20-09"}, "test": {"username": "test", "password": "test", "created": "2022-02-03 13-20-28"}}